<Ui xmlns="http://www.blizzard.com/wow/ui/" xmlns:xsi="http://www.w3.org/2001/XMLSchema-instance" xsi:schemaLocation="http://www.blizzard.com/wow/ui/
..\FrameXML\UI.xsd">
    <Script file="FishingBuddyTitan.lua"/>
	<!-- Titan Panel support -->
	<Frame parent="UIParent">
		<Frames>
			<Button name="TitanPanelFishingBuddyButton" inherits="TitanPanelIconTemplate" frameStrata="FULLSCREEN" toplevel="true">
				<Scripts>
					<OnLoad>
						if TitanPanelButton_OnLoad then
							FishingBuddy.Titan.OnLoad();
							TitanPanelButton_OnLoad();
						end
					</OnLoad>
					<OnEvent>
						FishingBuddy.Titan.OnEvent();
					</OnEvent>
					<OnClick>
						FishingBuddy.Titan.OnClick(arg1);
						TitanPanelButton_OnClick(arg1);
					</OnClick>
				</Scripts>
			</Button>
		</Frames>
	</Frame>

</Ui>
