<Ui xmlns="http://www.blizzard.com/wow/ui/" xmlns:xsi="http://www.w3.org/2001/XMLSchema-instance" xsi:schemaLocation="http://www.blizzard.com/wow/ui/
..\..\FrameXML\UI.xsd">
	
	<Script file="localization.lua" /> 
	<Script file="RogueFocusOptions.lua" />
	
	<Frame name="RogueFocusOptionsFrame" toplevel="true" frameStrata="MEDIUM" movable="true" enableMouse="true" hidden="true" parent="UIParent">
		<Size>
			<AbsDimension x="200" y="280" />
		</Size>
		<Anchors>
			<Anchor point="CENTER" />
		</Anchors>
		
		<Backdrop bgFile="Interface\DialogFrame\UI-DialogBox-Background" edgeFile="Interface\DialogFrame\UI-DialogBox-Border"
			tile="true">
			<BackgroundInsets>
				<AbsInset left="11" right="12" top="12" bottom="11" />	
				<Size>
					<AbsDimension x="128" y="17" />
				</Size>
			</BackgroundInsets>
			<TileSize>
				<AbsValue val="32" />
			</TileSize>
			<EdgeSize>
				<AbsValue val="32" />
			</EdgeSize>
		</Backdrop>	
		
		<Layers>
			<Layer level="ARTWORK">
				<Texture name="$parentTitle" file="Interface\DialogFrame\UI-DialogBox-Header">
					<Size>
						<AbsDimension x="295" y="64" />
					</Size>
					<Anchors>
						<Anchor point="TOP">
							<Offset>
								<AbsDimension x="0" y="12" />
							</Offset>
						</Anchor>
					</Anchors>
				</Texture>
				<FontString inherits="GameFontNormal" text="ROGUEFOCUS">
					<Anchors>
						<Anchor point="TOP" relativeTo="$parent">
							<Offset>
								<AbsDimension x="0" y="-3" />
							</Offset>
						</Anchor>
					</Anchors>
				</FontString>
				<FontString inherits="GameFontNormalSmall" text="ROGUEFOCUS_MOVE">
					<Anchors>
						<Anchor point="TOPLEFT">
							<Offset>
								<AbsDimension x="40" y="-210"/>
							</Offset>
						</Anchor>
					</Anchors>
				</FontString>
			</Layer>
		</Layers>
		
		<Frames>	
			
			<Slider name="$parentScaleSlider" inherits="OptionsSliderTemplate">
				<Anchors>
					<Anchor point="CENTER" relativeTo="RogueFocusOptionsFrame" relativePoint="TOP">
						<Offset>
							<AbsDimension x="0" y="-45" />
						</Offset>
					</Anchor>
				</Anchors>
				<Layers>
					<Layer level="ARTWORK">
						<FontString name="$parentValue" inherits="GameFontNormal" text="1.0">
							<Anchors>
								<Anchor point="RIGHT">
									<Offset>
										<AbsDimension x="0" y="13" />
									</Offset>
								</Anchor>
							</Anchors>
						</FontString>
					</Layer>
				</Layers>
				<Scripts>
					<OnShow>
						RogueFocusOptions:ScaleSlider_OnShow();
					</OnShow>
					<OnValueChanged>	
						RogueFocusOptions:ScaleSlider_OnValueChanged();
					</OnValueChanged>
				</Scripts>
			</Slider>
			
			<CheckButton name="$parentCombatCheckButton" inherits="OptionsCheckButtonTemplate">
				<Anchors>
					<Anchor point="TOPLEFT">
						<Offset>
							<AbsDimension x="30" y="-70" />
						</Offset>
					</Anchor>
				</Anchors>
				<Scripts>
					<OnShow>
						RogueFocusOptions:CombatCheckButton_OnShow();
						getglobal(this:GetName().."Text"):SetText(ROGUEFOCUS_COMBAT);
					</OnShow>
					<OnClick>
						RogueFocusOptions:CombatCheckButton_OnClick();
					</OnClick>
				</Scripts>
			</CheckButton>
			
			<CheckButton name="$parentStealthCheckButton" inherits="OptionsCheckButtonTemplate">
				<Anchors>
					<Anchor point="TOPLEFT">
						<Offset>
							<AbsDimension x="30" y="-95" />
						</Offset>
					</Anchor>
				</Anchors>
				<Scripts>
					<OnShow>
						RogueFocusOptions:StealthCheckButton_OnShow();
						getglobal(this:GetName().."Text"):SetText(ROGUEFOCUS_STEALTH);
					</OnShow>
					<OnClick>
						RogueFocusOptions:StealthCheckButton_OnClick();
					</OnClick>
				</Scripts>
			</CheckButton>

			<CheckButton name="$parentOtherCheckButton" inherits="OptionsCheckButtonTemplate">
				<Anchors>
					<Anchor point="TOPLEFT">
						<Offset>
							<AbsDimension x="30" y="-120" />
						</Offset>
					</Anchor>
				</Anchors>
				<Scripts>
					<OnShow>
						RogueFocusOptions:OtherCheckButton_OnShow();
						getglobal(this:GetName().."Text"):SetText(ROGUEFOCUS_OTHER);
					</OnShow>
					<OnClick>
						RogueFocusOptions:OtherCheckButton_OnClick();
					</OnClick>
				</Scripts>
			</CheckButton>
			
			<CheckButton name="$parentAudioCheckButton" inherits="OptionsCheckButtonTemplate">
				<Anchors>
					<Anchor point="TOPLEFT">
						<Offset>
							<AbsDimension x="30" y="-145" />
						</Offset>
					</Anchor>
				</Anchors>
				<Scripts>
					<OnShow>
						RogueFocusOptions:AudioCheckButton_OnShow();
						getglobal(this:GetName().."Text"):SetText(ROGUEFOCUS_SOUND);
					</OnShow>
					<OnClick>
						RogueFocusOptions:AudioCheckButton_OnClick();
					</OnClick>
				</Scripts>
			</CheckButton>
			
			<CheckButton name="$parentLockCheckButton" inherits="OptionsCheckButtonTemplate">
				<Anchors>
					<Anchor point="TOPLEFT">
						<Offset>
							<AbsDimension x="30" y="-170" />
						</Offset>
					</Anchor>
				</Anchors>
				<Scripts>
					<OnShow>
						RogueFocusOptions:LockCheckButton_OnShow();
						getglobal(this:GetName().."Text"):SetText(ROGUEFOCUS_LOCK);
					</OnShow>
					<OnClick>
						RogueFocusOptions:LockCheckButton_OnClick();
					</OnClick>
				</Scripts>
			</CheckButton>

			<Button name="$parentClose" inherits="OptionsButtonTemplate" text="CLOSE">
				<Anchors>
					<Anchor point="CENTER" relativeTo="$parent" relativePoint="BOTTOM">
						<Offset>
							<AbsDimension x="0" y="30" />
						</Offset>
					</Anchor>
				</Anchors>
				<Scripts>
					<OnClick>
						RogueFocusOptions:Handler();
					</OnClick>
				</Scripts>
			</Button>
		</Frames>
		
		<Scripts>
			<OnMouseDown>
				if(arg1 == "LeftButton") then
					this:StartMoving();
				end
			</OnMouseDown>
			<OnMouseUp>
				this:StopMovingOrSizing();
			</OnMouseUp>
		</Scripts>
	</Frame>
</Ui>