<Ui xmlns="http://www.blizzard.com/wow/ui/" xmlns:xsi="http://www.w3.org/2001/XMLSchema-instance" xsi:schemaLocation="http://www.blizzard.com/wow/ui/ ..\..\FrameXML\UI.xsd">
	<Frame name="EquipCompareCore">
		<Scripts>
		<OnLoad>
			EquipCompare_OnLoad();
		</OnLoad>
		<OnEvent>
			EquipCompare_OnEvent();
		</OnEvent>
		<OnUpdate>
			EquipCompare_OnUpdate();
		</OnUpdate>
		</Scripts>
	</Frame>
	<GameTooltip name="ComparisonTooltipTemplate" frameStrata="TOOLTIP" hidden="true" virtual="true">
		<Backdrop name="$parentBackdrop" bgFile="Interface\Tooltips\UI-Tooltip-Background" edgeFile="Interface\Tooltips\UI-Tooltip-Border" tile="true">
			<EdgeSize>
				<AbsValue val="16"/>
			</EdgeSize>
			<TileSize>
				<AbsValue val="16"/>
			</TileSize>
			<BackgroundInsets>
				<AbsInset left="5" right="5" top="5" bottom="5"/>
			</BackgroundInsets>
		</Backdrop>
		<Layers>
			<Layer level="ARTWORK">
				<FontString name="$parentTextLeft0" inherits="GameFontNormalSmall" hidden="true">
					<Anchors>
						<Anchor point="TOPLEFT">
							<Offset>
								<AbsDimension x="10" y="-10"/>
							</Offset>
						</Anchor>
					</Anchors>
				</FontString>
				<FontString name="$parentTextRight0" inherits="GameFontNormal" hidden="true">
					<Anchors>
						<Anchor point="RIGHT" relativeTo="$parentTextLeft0" relativePoint="LEFT">
							<Offset>
								<AbsDimension x="40" y="0"/>
							</Offset>
						</Anchor>
					</Anchors>
				</FontString>
				<FontString name="$parentTextLeft1" inherits="GameFontNormal" hidden="true" justifyV="BOTTOM" justifyH="LEFT">
					<Size>
						<AbsDimension x="0" y="24"/>
					</Size>
					<Anchors>
						<Anchor point="TOPLEFT">
							<Offset>
								<AbsDimension x="10" y="-10"/>
							</Offset>
						</Anchor>
					</Anchors>
				</FontString>
				<FontString name="$parentTextRight1" inherits="GameFontHighlightSmall" hidden="true">
					<Anchors>
						<Anchor point="RIGHT" relativeTo="$parentTextLeft1" relativePoint="LEFT">
							<Offset>
								<AbsDimension x="40" y="0"/>
							</Offset>
						</Anchor>
					</Anchors>
				</FontString>
				<FontString name="$parentTextLeft2" inherits="GameFontHighlightSmall" hidden="true">
					<Anchors>
						<Anchor point="TOPLEFT" relativeTo="$parentTextLeft1" relativePoint="BOTTOMLEFT">
							<Offset>
								<AbsDimension x="0" y="-2"/>
							</Offset>
						</Anchor>
					</Anchors>
				</FontString>
				<FontString name="$parentTextRight2" inherits="GameFontHighlightSmall" hidden="true">
					<Anchors>
						<Anchor point="RIGHT" relativeTo="$parentTextLeft2" relativePoint="LEFT">
							<Offset>
								<AbsDimension x="40" y="0"/>
							</Offset>
						</Anchor>
					</Anchors>
				</FontString>
				<FontString name="$parentTextLeft3" inherits="GameTooltipTextSmall" hidden="true">
					<Anchors>
						<Anchor point="TOPLEFT" relativeTo="$parentTextLeft2" relativePoint="BOTTOMLEFT">
							<Offset>
								<AbsDimension x="0" y="-2"/>
							</Offset>
						</Anchor>
					</Anchors>
				</FontString>
				<FontString name="$parentTextRight3" inherits="GameFontHighlightSmall" hidden="true">
					<Anchors>
						<Anchor point="RIGHT" relativeTo="$parentTextLeft3" relativePoint="LEFT">
							<Offset>
								<AbsDimension x="40" y="0"/>
							</Offset>
						</Anchor>
					</Anchors>
				</FontString>
				<FontString name="$parentTextLeft4" inherits="GameTooltipTextSmall" hidden="true">
					<Anchors>
						<Anchor point="TOPLEFT" relativeTo="$parentTextLeft3" relativePoint="BOTTOMLEFT">
							<Offset>
								<AbsDimension x="0" y="-2"/>
							</Offset>
						</Anchor>
					</Anchors>
				</FontString>
				<FontString name="$parentTextRight4" inherits="GameFontHighlightSmall" hidden="true">
					<Anchors>
						<Anchor point="RIGHT" relativeTo="$parentTextLeft4" relativePoint="LEFT">
							<Offset>
								<AbsDimension x="40" y="0"/>
							</Offset>
						</Anchor>
					</Anchors>
				</FontString>
				<FontString name="$parentTextLeft5" inherits="GameTooltipTextSmall" hidden="true">
					<Anchors>
						<Anchor point="TOPLEFT" relativeTo="$parentTextLeft4" relativePoint="BOTTOMLEFT">
							<Offset>
								<AbsDimension x="0" y="-2"/>
							</Offset>
						</Anchor>
					</Anchors>
				</FontString>
				<FontString name="$parentTextRight5" inherits="GameFontHighlightSmall" hidden="true">
					<Anchors>
						<Anchor point="RIGHT" relativeTo="$parentTextLeft5" relativePoint="LEFT">
							<Offset>
								<AbsDimension x="40" y="0"/>
							</Offset>
						</Anchor>
					</Anchors>
				</FontString>
				<FontString name="$parentTextLeft6" inherits="GameTooltipTextSmall" hidden="true">
					<Anchors>
						<Anchor point="TOPLEFT" relativeTo="$parentTextLeft5" relativePoint="BOTTOMLEFT">
							<Offset>
								<AbsDimension x="0" y="-2"/>
							</Offset>
						</Anchor>
					</Anchors>
				</FontString>
				<FontString name="$parentTextRight6" inherits="GameFontHighlightSmall" hidden="true">
					<Anchors>
						<Anchor point="RIGHT" relativeTo="$parentTextLeft6" relativePoint="LEFT">
							<Offset>
								<AbsDimension x="40" y="0"/>
							</Offset>
						</Anchor>
					</Anchors>
				</FontString>
				<FontString name="$parentTextLeft7" inherits="GameTooltipTextSmall" hidden="true">
					<Anchors>
						<Anchor point="TOPLEFT" relativeTo="$parentTextLeft6" relativePoint="BOTTOMLEFT">
							<Offset>
								<AbsDimension x="0" y="-2"/>
							</Offset>
						</Anchor>
					</Anchors>
				</FontString>
				<FontString name="$parentTextRight7" inherits="GameFontHighlightSmall" hidden="true">
					<Anchors>
						<Anchor point="RIGHT" relativeTo="$parentTextLeft7" relativePoint="LEFT">
							<Offset>
								<AbsDimension x="40" y="0"/>
							</Offset>
						</Anchor>
					</Anchors>
				</FontString>
				<FontString name="$parentTextLeft8" inherits="GameTooltipTextSmall" hidden="true">
					<Anchors>
						<Anchor point="TOPLEFT" relativeTo="$parentTextLeft7" relativePoint="BOTTOMLEFT">
							<Offset>
								<AbsDimension x="0" y="-2"/>
							</Offset>
						</Anchor>
					</Anchors>
				</FontString>
				<FontString name="$parentTextRight8" inherits="GameFontHighlightSmall" hidden="true">
					<Anchors>
						<Anchor point="RIGHT" relativeTo="$parentTextLeft8" relativePoint="LEFT">
							<Offset>
								<AbsDimension x="40" y="0"/>
							</Offset>
						</Anchor>
					</Anchors>
				</FontString>
				<FontString name="$parentTextLeft9" inherits="GameTooltipTextSmall" hidden="true">
					<Anchors>
						<Anchor point="TOPLEFT" relativeTo="$parentTextLeft8" relativePoint="BOTTOMLEFT">
							<Offset>
								<AbsDimension x="0" y="-2"/>
							</Offset>
						</Anchor>
					</Anchors>
				</FontString>
				<FontString name="$parentTextRight9" inherits="GameFontHighlightSmall" hidden="true">
					<Anchors>
						<Anchor point="RIGHT" relativeTo="$parentTextLeft9" relativePoint="LEFT">
							<Offset>
								<AbsDimension x="40" y="0"/>
							</Offset>
						</Anchor>
					</Anchors>
				</FontString>
				<FontString name="$parentTextLeft10" inherits="GameTooltipTextSmall" hidden="true">
					<Anchors>
						<Anchor point="TOPLEFT" relativeTo="$parentTextLeft9" relativePoint="BOTTOMLEFT">
							<Offset>
								<AbsDimension x="0" y="-2"/>
							</Offset>
						</Anchor>
					</Anchors>
				</FontString>
				<FontString name="$parentTextRight10" inherits="GameFontHighlightSmall" hidden="true">
					<Anchors>
						<Anchor point="RIGHT" relativeTo="$parentTextLeft10" relativePoint="LEFT">
							<Offset>
								<AbsDimension x="40" y="0"/>
							</Offset>
						</Anchor>
					</Anchors>
				</FontString>
				<FontString name="$parentTextLeft11" inherits="GameTooltipTextSmall" hidden="true">
					<Anchors>
						<Anchor point="TOPLEFT" relativeTo="$parentTextLeft10" relativePoint="BOTTOMLEFT">
							<Offset>
								<AbsDimension x="0" y="-2"/>
							</Offset>
						</Anchor>
					</Anchors>
				</FontString>
				<FontString name="$parentTextRight11" inherits="GameFontHighlightSmall" hidden="true">
					<Anchors>
						<Anchor point="RIGHT" relativeTo="$parentTextLeft11" relativePoint="LEFT">
							<Offset>
								<AbsDimension x="40" y="0"/>
							</Offset>
						</Anchor>
					</Anchors>
				</FontString>
				<FontString name="$parentTextLeft12" inherits="GameTooltipTextSmall" hidden="true">
					<Anchors>
						<Anchor point="TOPLEFT" relativeTo="$parentTextLeft11" relativePoint="BOTTOMLEFT">
							<Offset>
								<AbsDimension x="0" y="-2"/>
							</Offset>
						</Anchor>
					</Anchors>
				</FontString>
				<FontString name="$parentTextRight12" inherits="GameFontHighlightSmall" hidden="true">
					<Anchors>
						<Anchor point="RIGHT" relativeTo="$parentTextLeft12" relativePoint="LEFT">
							<Offset>
								<AbsDimension x="40" y="0"/>
							</Offset>
						</Anchor>
					</Anchors>
				</FontString>
				<FontString name="$parentTextLeft13" inherits="GameTooltipTextSmall" hidden="true">
					<Anchors>
						<Anchor point="TOPLEFT" relativeTo="$parentTextLeft12" relativePoint="BOTTOMLEFT">
							<Offset>
								<AbsDimension x="0" y="-2"/>
							</Offset>
						</Anchor>
					</Anchors>
				</FontString>
				<FontString name="$parentTextRight13" inherits="GameFontHighlightSmall" hidden="true">
					<Anchors>
						<Anchor point="RIGHT" relativeTo="$parentTextLeft13" relativePoint="LEFT">
							<Offset>
								<AbsDimension x="40" y="0"/>
							</Offset>
						</Anchor>
					</Anchors>
				</FontString>
				<FontString name="$parentTextLeft14" inherits="GameTooltipTextSmall" hidden="true">
					<Anchors>
						<Anchor point="TOPLEFT" relativeTo="$parentTextLeft13" relativePoint="BOTTOMLEFT">
							<Offset>
								<AbsDimension x="0" y="-2"/>
							</Offset>
						</Anchor>
					</Anchors>
				</FontString>
				<FontString name="$parentTextRight14" inherits="GameFontHighlightSmall" hidden="true">
					<Anchors>
						<Anchor point="RIGHT" relativeTo="$parentTextLeft14" relativePoint="LEFT">
							<Offset>
								<AbsDimension x="40" y="0"/>
							</Offset>
						</Anchor>
					</Anchors>
				</FontString>
				<FontString name="$parentTextLeft15" inherits="GameTooltipTextSmall" hidden="true">
					<Anchors>
						<Anchor point="TOPLEFT" relativeTo="$parentTextLeft14" relativePoint="BOTTOMLEFT">
							<Offset>
								<AbsDimension x="0" y="-2"/>
							</Offset>
						</Anchor>
					</Anchors>
				</FontString>
				<FontString name="$parentTextRight15" inherits="GameFontHighlightSmall" hidden="true">
					<Anchors>
						<Anchor point="RIGHT" relativeTo="$parentTextLeft15" relativePoint="LEFT">
							<Offset>
								<AbsDimension x="40" y="0"/>
							</Offset>
						</Anchor>
					</Anchors>
				</FontString>
				<FontString name="$parentTextLeft16" inherits="GameTooltipTextSmall" hidden="true">
					<Anchors>
						<Anchor point="TOPLEFT" relativeTo="$parentTextLeft15" relativePoint="BOTTOMLEFT">
							<Offset>
								<AbsDimension x="0" y="-2"/>
							</Offset>
						</Anchor>
					</Anchors>
				</FontString>
				<FontString name="$parentTextRight16" inherits="GameFontHighlightSmall" hidden="true">
					<Anchors>
						<Anchor point="RIGHT" relativeTo="$parentTextLeft16" relativePoint="LEFT">
							<Offset>
								<AbsDimension x="40" y="0"/>
							</Offset>
						</Anchor>
					</Anchors>
				</FontString>
				<FontString name="$parentTextLeft17" inherits="GameTooltipTextSmall" hidden="true">
					<Anchors>
						<Anchor point="TOPLEFT" relativeTo="$parentTextLeft16" relativePoint="BOTTOMLEFT">
							<Offset>
								<AbsDimension x="0" y="-2"/>
							</Offset>
						</Anchor>
					</Anchors>
				</FontString>
				<FontString name="$parentTextRight17" inherits="GameFontHighlightSmall" hidden="true">
					<Anchors>
						<Anchor point="RIGHT" relativeTo="$parentTextLeft17" relativePoint="LEFT">
							<Offset>
								<AbsDimension x="40" y="0"/>
							</Offset>
						</Anchor>
					</Anchors>
				</FontString>
				<FontString name="$parentTextLeft18" inherits="GameTooltipTextSmall" hidden="true">
					<Anchors>
						<Anchor point="TOPLEFT" relativeTo="$parentTextLeft17" relativePoint="BOTTOMLEFT">
							<Offset>
								<AbsDimension x="0" y="-2"/>
							</Offset>
						</Anchor>
					</Anchors>
				</FontString>
				<FontString name="$parentTextRight18" inherits="GameFontHighlightSmall" hidden="true">
					<Anchors>
						<Anchor point="RIGHT" relativeTo="$parentTextLeft18" relativePoint="LEFT">
							<Offset>
								<AbsDimension x="40" y="0"/>
							</Offset>
						</Anchor>
					</Anchors>
				</FontString>
				<FontString name="$parentTextLeft19" inherits="GameTooltipTextSmall" hidden="true">
					<Anchors>
						<Anchor point="TOPLEFT" relativeTo="$parentTextLeft18" relativePoint="BOTTOMLEFT">
							<Offset>
								<AbsDimension x="0" y="-2"/>
							</Offset>
						</Anchor>
					</Anchors>
				</FontString>
				<FontString name="$parentTextRight19" inherits="GameFontHighlightSmall" hidden="true">
					<Anchors>
						<Anchor point="RIGHT" relativeTo="$parentTextLeft19" relativePoint="LEFT">
							<Offset>
								<AbsDimension x="40" y="0"/>
							</Offset>
						</Anchor>
					</Anchors>
				</FontString>
				<FontString name="$parentTextLeft20" inherits="GameTooltipTextSmall" hidden="true">
					<Anchors>
						<Anchor point="TOPLEFT" relativeTo="$parentTextLeft19" relativePoint="BOTTOMLEFT">
							<Offset>
								<AbsDimension x="0" y="-2"/>
							</Offset>
						</Anchor>
					</Anchors>
				</FontString>
				<FontString name="$parentTextRight20" inherits="GameFontHighlightSmall" hidden="true">
					<Anchors>
						<Anchor point="RIGHT" relativeTo="$parentTextLeft20" relativePoint="LEFT">
							<Offset>
								<AbsDimension x="40" y="0"/>
							</Offset>
						</Anchor>
					</Anchors>
				</FontString>
				<FontString name="$parentTextLeft21" inherits="GameTooltipTextSmall" hidden="true">
					<Anchors>
						<Anchor point="TOPLEFT" relativeTo="$parentTextLeft20" relativePoint="BOTTOMLEFT">
							<Offset>
								<AbsDimension x="0" y="-2"/>
							</Offset>
						</Anchor>
					</Anchors>
				</FontString>
				<FontString name="$parentTextRight21" inherits="GameFontHighlightSmall" hidden="true">
					<Anchors>
						<Anchor point="RIGHT" relativeTo="$parentTextLeft21" relativePoint="LEFT">
							<Offset>
								<AbsDimension x="40" y="0"/>
							</Offset>
						</Anchor>
					</Anchors>
				</FontString>
				<FontString name="$parentTextLeft22" inherits="GameTooltipTextSmall" hidden="true">
					<Anchors>
						<Anchor point="TOPLEFT" relativeTo="$parentTextLeft21" relativePoint="BOTTOMLEFT">
							<Offset>
								<AbsDimension x="0" y="-2"/>
							</Offset>
						</Anchor>
					</Anchors>
				</FontString>
				<FontString name="$parentTextRight22" inherits="GameFontHighlightSmall" hidden="true">
					<Anchors>
						<Anchor point="RIGHT" relativeTo="$parentTextLeft22" relativePoint="LEFT">
							<Offset>
								<AbsDimension x="40" y="0"/>
							</Offset>
						</Anchor>
					</Anchors>
				</FontString>
				<FontString name="$parentTextLeft23" inherits="GameTooltipTextSmall" hidden="true">
					<Anchors>
						<Anchor point="TOPLEFT" relativeTo="$parentTextLeft22" relativePoint="BOTTOMLEFT">
							<Offset>
								<AbsDimension x="0" y="-2"/>
							</Offset>
						</Anchor>
					</Anchors>
				</FontString>
				<FontString name="$parentTextRight23" inherits="GameFontHighlightSmall" hidden="true">
					<Anchors>
						<Anchor point="RIGHT" relativeTo="$parentTextLeft23" relativePoint="LEFT">
							<Offset>
								<AbsDimension x="40" y="0"/>
							</Offset>
						</Anchor>
					</Anchors>
				</FontString>
				<FontString name="$parentTextLeft24" inherits="GameTooltipTextSmall" hidden="true">
					<Anchors>
						<Anchor point="TOPLEFT" relativeTo="$parentTextLeft23" relativePoint="BOTTOMLEFT">
							<Offset>
								<AbsDimension x="0" y="-2"/>
							</Offset>
						</Anchor>
					</Anchors>
				</FontString>
				<FontString name="$parentTextRight24" inherits="GameFontHighlightSmall" hidden="true">
					<Anchors>
						<Anchor point="RIGHT" relativeTo="$parentTextLeft24" relativePoint="LEFT">
							<Offset>
								<AbsDimension x="40" y="0"/>
							</Offset>
						</Anchor>
					</Anchors>
				</FontString>
			</Layer>
		</Layers>
		<Scripts>
			<OnLoad>
				this:SetBackdropBorderColor(TOOLTIP_DEFAULT_COLOR.r, TOOLTIP_DEFAULT_COLOR.g, TOOLTIP_DEFAULT_COLOR.b);
				this:SetBackdropColor(TOOLTIP_DEFAULT_BACKGROUND_COLOR.r, TOOLTIP_DEFAULT_BACKGROUND_COLOR.g, TOOLTIP_DEFAULT_BACKGROUND_COLOR.b);
			</OnLoad>
		</Scripts>
	</GameTooltip>
	<GameTooltip name="ComparisonTooltip1" frameStrata="TOOLTIP" hidden="true" parent="UIParent" inherits="ComparisonTooltipTemplate"/>
	<GameTooltip name="ComparisonTooltip2" frameStrata="TOOLTIP" hidden="true" parent="UIParent" inherits="ComparisonTooltipTemplate"/>
</Ui>
