<Ui xmlns="http://www.blizzard.com/wow/ui/"
xmlns:xsi="http://www.w3.org/2001/XMLSchema-instance"
xsi:schemaLocation="http://www.blizzard.com/wow/ui/ C:\Projects\WoW\Bin\Interface\FrameXML\UI.xsd">
  <!-- $Id$ -->

  <!-- Script -->
  <Script file="UnitXP_SP3_Addon.lua"/>

  <!-- Frames -->
  <Frame name="xpsp3Frame" toplevel="true" frameStrata="DIALOG" movable="true" enableMouse="true" hidden="true" parent="UIParent">
	<TitleRegion setAllPoints="true"/>
    <Size>
		<AbsDimension x="500" y="355"/>
	</Size>
    <Anchors>
		<Anchor point="CENTER" relativeTo="UIParent" />
	</Anchors>
    <Backdrop bgFile="Interface\DialogFrame\UI-DialogBox-Background" edgeFile="Interface\DialogFrame\UI-DialogBox-Border" tile="true">
		<BackgroundInsets>
			<AbsInset left="11" right="12" top="12" bottom="11"/>
		</BackgroundInsets>
		<TileSize>
			<AbsValue val="32"/>
		</TileSize>
		<EdgeSize>
			<AbsValue val="32"/>
		</EdgeSize>
	</Backdrop>



    <Layers>
		<Layer level="ARTWORK">
			<Texture name="xpsp3_title_texture" file="Interface\DialogFrame\UI-DialogBox-Header">
				<Size>
					<AbsDimension x="320" y="64"/>
				</Size>
				<Anchors>
					<Anchor point="TOP">
						<Offset>
							<AbsDimension x="0" y="12"/>
						</Offset>
					</Anchor>
				</Anchors>
			</Texture>
			<FontString inherits="GameFontNormal" text="UnitXP Service Pack 3">
				<Anchors>
					<Anchor point="TOP" relativeTo="xpsp3_title_texture">
						<Offset>
							<AbsDimension x="0" y="-14"/>
						</Offset>
					</Anchor>
				</Anchors>
			</FontString>
			<FontString inherits="GameFontNormal" text="FPS Cap:" justifyH="LEFT" justifyV="TOP">
				<Size x="200" y="440" />
				<Anchors>
					<Anchor point="TOPLEFT" relativeTo="xpsp3Frame">
						<Offset>
							<AbsDimension x="274" y="-40"/>
						</Offset>
					</Anchor>
				</Anchors>
			</FontString>
			<FontString inherits="GameFontNormal" text="Targeting functions could be accessed via Key Bindings Menu" justifyH="CENTER" justifyV="TOP">
				<Size x="500" y="440" />
				<Anchors>
					<Anchor point="TOPLEFT" relativeTo="xpsp3Frame">
						<Offset>
							<AbsDimension x="0" y="-300"/>
						</Offset>
					</Anchor>
				</Anchors>
			</FontString>
    	</Layer>
    </Layers>

    <Frames>
    	<Button name="xpsp3_buttonCancel_close" parent="xpsp3Frame" inherits="GameMenuButtonTemplate" text="Close">
        	<Size>
			    <AbsDimension x="100" y="24"/>
		    </Size>
			<Anchors>
				<Anchor point="BOTTOMRIGHT">
					<Offset>
						<AbsDimension x="-15" y="15"/>
					</Offset>
				</Anchor>
			</Anchors>
			<Scripts>
				<OnClick>
            		UnitXP_SP3_UI_OnClick(this);
				</OnClick>
			</Scripts>
		</Button>

		<Button name="xpsp3_buttonCancel_resetCamera" parent="xpsp3Frame" inherits="GameMenuButtonTemplate" text="Reset Camera">
        	<Size>
			    <AbsDimension x="100" y="24"/>
		    </Size>
			<Anchors>
				<Anchor point="BOTTOMRIGHT">
					<Offset>
						<AbsDimension x="-115" y="15"/>
					</Offset>
				</Anchor>
			</Anchors>
			<Scripts>
				<OnClick>
            		UnitXP_SP3_UI_OnClick(this);
				</OnClick>
			</Scripts>
		</Button>

		<CheckButton name="xpsp3_checkButton_minimapButton" inherits="UICheckButtonTemplate">
			<Anchors>
				<Anchor point="TOPLEFT">
					<Offset>
						<AbsDimension x="24" y="-30"/>
					</Offset>
				</Anchor>
			</Anchors>
			<Scripts>
        		<OnLoad>
            	getglobal(this:GetName().."Text"):SetText("Show Minimap Button");
          		</OnLoad>
				<OnClick>
					UnitXP_SP3_UI_OnClick(this);
				</OnClick>
          		<OnEnter>
            	xpsp3tooltip:SetOwner(this, "ANCHOR_RIGHT");
            	xpsp3tooltip:SetText("Toggle visibility of the minimap button");
            	xpsp3tooltip:Show()
          		</OnEnter>
          		<OnLeave>
            	xpsp3tooltip:Hide()
          		</OnLeave>
			</Scripts>
		</CheckButton>

    	<CheckButton name="xpsp3_checkButton_modernNameplate" inherits="UICheckButtonTemplate">
			<Anchors>
				<Anchor point="TOPLEFT">
					<Offset>
						<AbsDimension x="24" y="-70"/>
					</Offset>
				</Anchor>
			</Anchors>
			<Scripts>
        		<OnLoad>
            	getglobal(this:GetName().."Text"):SetText("Proper Nameplates Occlusion");
          		</OnLoad>
				<OnClick>
					UnitXP_SP3_UI_OnClick(this);
				</OnClick>
          		<OnEnter>
            	xpsp3tooltip:SetOwner(this, "ANCHOR_RIGHT");
            	xpsp3tooltip:SetText("Nameplates would also check camera's line of sight in addition to distance");
            	xpsp3tooltip:Show()
          		</OnEnter>
          		<OnLeave>
            	xpsp3tooltip:Hide()
          		</OnLeave>
			</Scripts>
		</CheckButton>

		<CheckButton name="xpsp3_checkButton_prioritizeTargetNameplate" inherits="UICheckButtonTemplate">
			<Anchors>
				<Anchor point="TOPLEFT">
					<Offset>
						<AbsDimension x="24" y="-100"/>
					</Offset>
				</Anchor>
			</Anchors>
			<Scripts>
        		<OnLoad>
            	getglobal(this:GetName().."Text"):SetText("Prioritize Target Nameplate");
          		</OnLoad>
				<OnClick>
					UnitXP_SP3_UI_OnClick(this);
				</OnClick>
          		<OnEnter>
            	xpsp3tooltip:SetOwner(this, "ANCHOR_RIGHT");
            	xpsp3tooltip:SetText("Other nameplates would disappear when a target is selected");
				xpsp3tooltip:AddLine("Need Proper Nameplates Occlusion to be also enabled",1,1,1);
            	xpsp3tooltip:Show()
          		</OnEnter>
          		<OnLeave>
            	xpsp3tooltip:Hide()
          		</OnLeave>
			</Scripts>
		</CheckButton>

		<CheckButton name="xpsp3_checkButton_prioritizeMarkedNameplate" inherits="UICheckButtonTemplate">
			<Anchors>
				<Anchor point="TOPLEFT">
					<Offset>
						<AbsDimension x="24" y="-130"/>
					</Offset>
				</Anchor>
			</Anchors>
			<Scripts>
        		<OnLoad>
            	getglobal(this:GetName().."Text"):SetText("Prioritize Marked Nameplate");
          		</OnLoad>
				<OnClick>
					UnitXP_SP3_UI_OnClick(this);
				</OnClick>
          		<OnEnter>
            	xpsp3tooltip:SetOwner(this, "ANCHOR_RIGHT");
            	xpsp3tooltip:SetText("Other nameplates would disappear when some nameplates are raid-marked");
				xpsp3tooltip:AddLine("Need Proper Nameplates Occlusion to be also enabled",1,1,1);
            	xpsp3tooltip:Show()
          		</OnEnter>
          		<OnLeave>
            	xpsp3tooltip:Hide()
          		</OnLeave>
			</Scripts>
		</CheckButton>

		<CheckButton name="xpsp3_checkButton_nameplateCombatFilter" inherits="UICheckButtonTemplate">
			<Anchors>
				<Anchor point="TOPLEFT">
					<Offset>
						<AbsDimension x="24" y="-160"/>
					</Offset>
				</Anchor>
			</Anchors>
			<Scripts>
        		<OnLoad>
            	getglobal(this:GetName().."Text"):SetText("Hide Healthy Nameplates");
          		</OnLoad>
				<OnClick>
					UnitXP_SP3_UI_OnClick(this);
				</OnClick>
          		<OnEnter>
            	xpsp3tooltip:SetOwner(this, "ANCHOR_RIGHT");
            	xpsp3tooltip:SetText("Aside from prioritized nameplates, only those in-combat/damaged/PvP-flagged nameplates would be shown");
				xpsp3tooltip:AddLine("Need Proper Nameplates Occlusion to be also enabled",1,1,1);
            	xpsp3tooltip:Show()
          		</OnEnter>
          		<OnLeave>
            	xpsp3tooltip:Hide()
          		</OnLeave>
			</Scripts>
		</CheckButton>

		<CheckButton name="xpsp3_checkButton_showInCombatNameplatesNearPlayer" inherits="UICheckButtonTemplate">
			<Anchors>
				<Anchor point="TOPLEFT">
					<Offset>
						<AbsDimension x="24" y="-190"/>
					</Offset>
				</Anchor>
			</Anchors>
			<Scripts>
        		<OnLoad>
            	getglobal(this:GetName().."Text"):SetText("Show In-combat Nameplates Nearby");
          		</OnLoad>
				<OnClick>
					UnitXP_SP3_UI_OnClick(this);
				</OnClick>
          		<OnEnter>
            	xpsp3tooltip:SetOwner(this, "ANCHOR_RIGHT");
            	xpsp3tooltip:SetText("In-combat nameplates in small range would be shown regardless of occlusion");
				xpsp3tooltip:AddLine("Need Proper Nameplates Occlusion to be also enabled",1,1,1);
            	xpsp3tooltip:Show()
          		</OnEnter>
          		<OnLeave>
            	xpsp3tooltip:Hide()
          		</OnLeave>
			</Scripts>
		</CheckButton>

      	<CheckButton name="xpsp3_checkButton_notify_flashTaskbarIcon" inherits="UICheckButtonTemplate">
				<Anchors>
					<Anchor point="TOPLEFT">
						<Offset>
							<AbsDimension x="24" y="-230"/>
						</Offset>
					</Anchor>
				</Anchors>
				<Scripts>
          <OnLoad>
            getglobal(this:GetName().."Text"):SetText("Taskbar Notification");
          </OnLoad>
					<OnClick>
						UnitXP_SP3_UI_OnClick(this);
					</OnClick>
          <OnEnter>
            xpsp3tooltip:SetOwner(this, "ANCHOR_RIGHT");
            xpsp3tooltip:SetText("Flash operating system's taskbar icon when the game requires attention");
			xpsp3tooltip:AddLine("When the game is in background/minimized",1,1,1);
            xpsp3tooltip:Show()
          </OnEnter>
          <OnLeave>
            xpsp3tooltip:Hide()
          </OnLeave>
				</Scripts>
		</CheckButton>

		<CheckButton name="xpsp3_checkButton_notify_playSystemDefaultSound" inherits="UICheckButtonTemplate">
				<Anchors>
					<Anchor point="TOPLEFT">
						<Offset>
							<AbsDimension x="24" y="-260"/>
						</Offset>
					</Anchor>
				</Anchors>
				<Scripts>
        			<OnLoad>
						getglobal(this:GetName().."Text"):SetText("System Sound Notification");
        			</OnLoad>
					<OnClick>
						UnitXP_SP3_UI_OnClick(this);
					</OnClick>
        			<OnEnter>
            			xpsp3tooltip:SetOwner(this, "ANCHOR_RIGHT");
            			xpsp3tooltip:SetText("Play operating system's default sound when the game requires attention");
						xpsp3tooltip:AddLine("When the game is in background/minimized",1,1,1);
            			xpsp3tooltip:Show()
        			</OnEnter>
        			<OnLeave>
            			xpsp3tooltip:Hide()
        			</OnLeave>
				</Scripts>
		</CheckButton>

		<CheckButton name="xpsp3_checkButton_cameraPinHeight" inherits="UICheckButtonTemplate">
			<Anchors>
				<Anchor point="TOPLEFT">
					<Offset>
						<AbsDimension x="274" y="-160"/>
					</Offset>
				</Anchor>
			</Anchors>
			<Scripts>
        		<OnLoad>
            	getglobal(this:GetName().."Text"):SetText("Pin Camera Height");
          		</OnLoad>
				<OnClick>
					UnitXP_SP3_UI_OnClick(this);
				</OnClick>
          		<OnEnter>
            	xpsp3tooltip:SetOwner(this, "ANCHOR_RIGHT");
            	xpsp3tooltip:SetText("Camera would keep its height during shapeshifting");
            	xpsp3tooltip:Show()
          		</OnEnter>
          		<OnLeave>
            	xpsp3tooltip:Hide()
          		</OnLeave>
			</Scripts>
		</CheckButton>

		<CheckButton name="xpsp3_checkButton_weatherAlwaysClear" inherits="UICheckButtonTemplate">
			<Anchors>
				<Anchor point="TOPLEFT">
					<Offset>
						<AbsDimension x="274" y="-190"/>
					</Offset>
				</Anchor>
			</Anchors>
			<Scripts>
        		<OnLoad>
            	getglobal(this:GetName().."Text"):SetText("Keep Weather Clear");
          		</OnLoad>
				<OnClick>
					UnitXP_SP3_UI_OnClick(this);
				</OnClick>
          		<OnEnter>
            	xpsp3tooltip:SetOwner(this, "ANCHOR_RIGHT");
            	xpsp3tooltip:SetText("This would fix FPS-drop during bad weather at the cost of losing weather particles visual");
				xpsp3tooltip:AddLine("Toggling the switch would influence the next weather event but not the current one",1,1,1);
            	xpsp3tooltip:Show()
          		</OnEnter>
          		<OnLeave>
            	xpsp3tooltip:Hide()
          		</OnLeave>
			</Scripts>
		</CheckButton>


		<EditBox name="xpsp3_editBox_FPScap" letters="3" autoFocus="false" numeric="true">
    		<Size x="100" y="32" />
    		<Anchors>
        		<Anchor point="TOPLEFT">
            		<Offset>
						<AbsDimension x="350" y="-30"/>
					</Offset>
        		</Anchor>
    		</Anchors>
    		<Layers>
        		<Layer level="BACKGROUND">
            		<Texture file="Interface\ChatFrame\UI-ChatInputBorder-Left">
                		<Size x="75" y="32" />
                		<Anchors>
                    		<Anchor point="LEFT">
                        		<Offset x="-17" y="0" />
                    		</Anchor>
                		</Anchors>
                		<TexCoords left="0" right="0.2" top="0" bottom="1.0"/>
            		</Texture>
            		<Texture file="Interface\ChatFrame\UI-ChatInputBorder-Right">
                		<Size x="75" y="32" />
                		<Anchors>
                    		<Anchor point="RIGHT">
                        		<Offset x="10" y="0" />
                    		</Anchor>
                		</Anchors>
                		<TexCoords left="0.7" right="1.0" top="0" bottom="1.0"/>
            		</Texture>
        		</Layer>
    		</Layers>
    		<Scripts>
        		<OnEditFocusGained>
           			xpsp3tooltip:SetOwner(this, "ANCHOR_LEFT");
           			xpsp3tooltip:SetText("Limit frames-per-second to the specific value");
					xpsp3tooltip:AddLine("Zero means no limit",1,1,1);
           			xpsp3tooltip:Show();
       			</OnEditFocusGained>
       			<OnEditFocusLost>
           			xpsp3tooltip:Hide();
       			</OnEditFocusLost>
				<OnEnterPressed>
					UnitXP_SP3_UI_OnClick(this);
				</OnEnterPressed>
    		</Scripts>
    		<FontString inherits="ChatFontNormal" />
		</EditBox>


		<Button name="xpsp3_button_cameraHeight_raise" parent="xpsp3Frame" inherits="GameMenuButtonTemplate" text="Raise Camera">
        	<Size>
			    <AbsDimension x="110" y="24"/>
		    </Size>
			<Anchors>
				<Anchor point="TOPLEFT">
					<Offset>
						<AbsDimension x="274" y="-75"/>
					</Offset>
				</Anchor>
			</Anchors>
			<Scripts>
				<OnClick>
					UnitXP_SP3_UI_OnClick(this);
				</OnClick>
			</Scripts>
		</Button>

		<Button name="xpsp3_button_cameraHeight_lower" parent="xpsp3Frame" inherits="GameMenuButtonTemplate" text="Lower Camera">
        	<Size>
			    <AbsDimension x="110" y="24"/>
		    </Size>
			<Anchors>
				<Anchor point="TOPLEFT">
					<Offset>
						<AbsDimension x="380" y="-75"/>
					</Offset>
				</Anchor>
			</Anchors>
			<Scripts>
				<OnClick>
					UnitXP_SP3_UI_OnClick(this);
				</OnClick>
			</Scripts>
		</Button>

		<Button name="xpsp3_button_cameraPitch_up" parent="xpsp3Frame" inherits="GameMenuButtonTemplate" text="CamPitch Up">
        	<Size>
			    <AbsDimension x="110" y="24"/>
		    </Size>
			<Anchors>
				<Anchor point="TOPLEFT">
					<Offset>
						<AbsDimension x="274" y="-105"/>
					</Offset>
				</Anchor>
			</Anchors>
			<Scripts>
				<OnClick>
					UnitXP_SP3_UI_OnClick(this);
				</OnClick>
			</Scripts>
		</Button>

		<Button name="xpsp3_button_cameraPitch_down" parent="xpsp3Frame" inherits="GameMenuButtonTemplate" text="CamPitch Down">
        	<Size>
			    <AbsDimension x="110" y="24"/>
		    </Size>
			<Anchors>
				<Anchor point="TOPLEFT">
					<Offset>
						<AbsDimension x="380" y="-105"/>
					</Offset>
				</Anchor>
			</Anchors>
			<Scripts>
				<OnClick>
					UnitXP_SP3_UI_OnClick(this);
				</OnClick>
			</Scripts>
		</Button>

		<Button name="xpsp3_button_cameraHorizontalDisplacement_leftPlayer" parent="xpsp3Frame" inherits="GameMenuButtonTemplate" text="Left Player">
        	<Size>
			    <AbsDimension x="110" y="24"/>
		    </Size>
			<Anchors>
				<Anchor point="TOPLEFT">
					<Offset>
						<AbsDimension x="274" y="-135"/>
					</Offset>
				</Anchor>
			</Anchors>
			<Scripts>
				<OnClick>
					UnitXP_SP3_UI_OnClick(this);
				</OnClick>
			</Scripts>
		</Button>

		<Button name="xpsp3_button_cameraHorizontalDisplacement_rightPlayer" parent="xpsp3Frame" inherits="GameMenuButtonTemplate" text="Right Player">
        	<Size>
			    <AbsDimension x="110" y="24"/>
		    </Size>
			<Anchors>
				<Anchor point="TOPLEFT">
					<Offset>
						<AbsDimension x="380" y="-135"/>
					</Offset>
				</Anchor>
			</Anchors>
			<Scripts>
				<OnClick>
					UnitXP_SP3_UI_OnClick(this);
				</OnClick>
			</Scripts>
		</Button>

		


    </Frames>

    <Scripts>
      <OnLoad>
        UnitXP_SP3_OnLoad();
      </OnLoad>
      <OnEvent>
        UnitXP_SP3_OnEvent(event);
      </OnEvent>
    </Scripts>
  </Frame>

  <GameTooltip name="xpsp3tooltip" frameStrata="TOOLTIP" hidden="true" parent="xpsp3Frame" inherits="GameTooltipTemplate" />
</Ui>
